symbol,earnings_date,event_type
360ONE,2026-02-28,Q3-Results
3MINDIA,2026-02-01,Q3-Results
AADHARHFC,2026-03-01,Q3-Results
AARTIIND,2026-04-01,Q3-Results
AAVAS,2026-05-01,Q3-Results
ABB,2026-06-01,Q3-Results
ABBOTINDIA,2026-07-01,Q3-Results
ABCAPITAL,2026-02-21,Q3-Results
ABFRL,2026-02-01,Q3-Results
ABLBL,2026-03-01,Q3-Results
ABREL,2026-04-01,Q3-Results
ABSLAMC,2026-05-01,Q3-Results
ACC,2026-06-01,Q3-Results
ACE,2026-07-01,Q3-Results
ACMESOLAR,2026-02-01,Q3-Results
ADANIENSOL,2026-02-21,Q3-Results
ADANIENT,2026-02-21,Q3-Results
ADANIGREEN,2026-02-21,Q3-Results
ADANIPORTS,2026-02-21,Q3-Results
ADANIPOWER,2026-02-21,Q3-Results
AEGISLOG,2026-03-01,Q3-Results
AEGISVOPAK,2026-04-01,Q3-Results
AFCONS,2026-05-01,Q3-Results
AFFLE,2026-06-01,Q3-Results
AGARWALEYE,2026-07-01,Q3-Results
AIAENG,2026-02-01,Q3-Results
AIIL,2026-03-01,Q3-Results
AJANTPHARM,2026-04-01,Q3-Results
AKUMS,2026-05-01,Q3-Results
AKZOINDIA,2026-06-01,Q3-Results
ALKEM,2026-07-01,Q3-Results
ALKYLAMINE,2026-02-01,Q3-Results
ALOKINDS,2026-03-01,Q3-Results
AMBER,2026-04-01,Q3-Results
AMBUJACEM,2026-02-28,Q3-Results
ANANDRATHI,2026-05-01,Q3-Results
ANANTRAJ,2026-06-01,Q3-Results
ANGELONE,2026-07-01,Q3-Results
APARINDS,2026-02-01,Q3-Results
APLAPOLLO,2026-03-01,Q3-Results
APLLTD,2026-04-01,Q3-Results
APOLLOHOSP,2026-02-21,Q3-Results
APOLLOTYRE,2026-05-01,Q3-Results
APTUS,2026-06-01,Q3-Results
ARE&M,2026-07-01,Q3-Results
ASAHIINDIA,2026-02-01,Q3-Results
ASHOKLEY,2026-02-21,Q3-Results
ASIANPAINT,2026-02-21,Q3-Results
ASTERDM,2026-03-01,Q3-Results
ASTRAL,2026-04-01,Q3-Results
ASTRAZEN,2026-05-01,Q3-Results
ATGL,2026-06-01,Q3-Results
ATHERENERG,2026-07-01,Q3-Results
ATUL,2026-02-01,Q3-Results
AUBANK,2026-03-01,Q3-Results
AUROPHARMA,2026-02-28,Q3-Results
AWL,2026-04-01,Q3-Results
AXISBANK,2026-02-14,Q3-Results
BAJAJ-AUTO,2026-02-21,Q3-Results
BAJAJFINSV,2026-02-21,Q3-Results
BAJAJHFL,2026-05-01,Q3-Results
BAJAJHLDNG,2026-06-01,Q3-Results
BAJFINANCE,2026-02-21,Q3-Results
BALKRISIND,2026-07-01,Q3-Results
BALRAMCHIN,2026-02-01,Q3-Results
BANDHANBNK,2026-03-01,Q3-Results
BANKBARODA,2026-02-14,Q3-Results
BANKINDIA,2026-02-28,Q3-Results
BASF,2026-04-01,Q3-Results
BATAINDIA,2026-05-01,Q3-Results
BAYERCROP,2026-06-01,Q3-Results
BBTC,2026-07-01,Q3-Results
BDL,2026-03-21,Q3-Results
BEL,2026-03-14,Q3-Results
BEML,2026-02-01,Q3-Results
BERGEPAINT,2026-03-01,Q3-Results
BHARATFORG,2026-02-21,Q3-Results
BHARTIARTL,2026-02-21,Q3-Results
BHARTIHEXA,2026-04-01,Q3-Results
BHEL,2026-03-21,Q3-Results
BIKAJI,2026-05-01,Q3-Results
BIOCON,2026-02-21,Q3-Results
BLS,2026-06-01,Q3-Results
BLUEDART,2026-07-01,Q3-Results
BLUEJET,2026-02-01,Q3-Results
BLUESTARCO,2026-03-01,Q3-Results
BOSCHLTD,2026-04-01,Q3-Results
BPCL,2026-02-28,Q3-Results
BRIGADE,2026-05-01,Q3-Results
BRITANNIA,2026-06-01,Q3-Results
BSE,2026-02-21,Q3-Results
BSOFT,2026-07-01,Q3-Results
CAMPUS,2026-02-01,Q3-Results
CAMS,2026-03-01,Q3-Results
CANBK,2026-02-28,Q3-Results
CANFINHOME,2026-04-01,Q3-Results
CAPLIPOINT,2026-05-01,Q3-Results
CARBORUNIV,2026-06-01,Q3-Results
CASTROLIND,2026-07-01,Q3-Results
CCL,2026-02-01,Q3-Results
CDSL,2026-03-01,Q3-Results
CEATLTD,2026-04-01,Q3-Results
CENTRALBK,2026-05-01,Q3-Results
CENTURYPLY,2026-06-01,Q3-Results
CERA,2026-07-01,Q3-Results
CESC,2026-02-01,Q3-Results
CGCL,2026-03-01,Q3-Results
CGPOWER,2026-03-21,Q3-Results
CHALET,2026-04-01,Q3-Results
CHAMBLFERT,2026-05-01,Q3-Results
CHENNPETRO,2026-06-01,Q3-Results
CHOICEIN,2026-07-01,Q3-Results
CHOLAFIN,2026-03-07,Q3-Results
CHOLAHLDNG,2026-02-01,Q3-Results
CIPLA,2026-02-21,Q3-Results
CLEAN,2026-03-01,Q3-Results
COALINDIA,2026-02-28,Q3-Results
COCHINSHIP,2026-03-07,Q3-Results
COFORGE,2026-02-21,Q3-Results
COHANCE,2026-04-01,Q3-Results
COLPAL,2026-02-21,Q3-Results
CONCOR,2026-05-01,Q3-Results
CONCORDBIO,2026-06-01,Q3-Results
COROMANDEL,2026-07-01,Q3-Results
CRAFTSMAN,2026-02-01,Q3-Results
CREDITACC,2026-03-01,Q3-Results
CRISIL,2026-04-01,Q3-Results
CROMPTON,2026-05-01,Q3-Results
CUB,2026-06-01,Q3-Results
CUMMINSIND,2026-07-01,Q3-Results
CYIENT,2026-02-01,Q3-Results
DABUR,2026-03-01,Q3-Results
DALBHARAT,2026-04-01,Q3-Results
DATAPATTNS,2026-05-01,Q3-Results
DBREALTY,2026-06-01,Q3-Results
DCMSHRIRAM,2026-07-01,Q3-Results
DEEPAKFERT,2026-02-01,Q3-Results
DEEPAKNTR,2026-03-01,Q3-Results
DELHIVERY,2026-04-01,Q3-Results
DEVYANI,2026-05-01,Q3-Results
DIVISLAB,2026-02-07,Q3-Results
DIXON,2026-02-28,Q3-Results
DLF,2026-02-21,Q3-Results
DMART,2026-02-07,Q3-Results
DOMS,2026-06-01,Q3-Results
DRREDDY,2026-02-21,Q3-Results

ECLERX,2026-02-01,Q3-Results
EICHERMOT,2026-03-01,Q3-Results
EIDPARRY,2026-04-01,Q3-Results
EIHOTEL,2026-05-01,Q3-Results
ELECON,2026-06-01,Q3-Results
ELGIEQUIP,2026-07-01,Q3-Results
EMAMILTD,2026-02-01,Q3-Results
EMCURE,2026-03-01,Q3-Results
ENDURANCE,2026-04-01,Q3-Results
ENGINERSIN,2026-05-01,Q3-Results
ENRIN,2026-02-28,Q3-Results
ERIS,2026-06-01,Q3-Results
ESCORTS,2026-07-01,Q3-Results
ETERNAL,2026-03-07,Q3-Results
EXIDEIND,2026-02-01,Q3-Results
FACT,2026-03-01,Q3-Results
FEDERALBNK,2026-02-14,Q3-Results
FINCABLES,2026-04-01,Q3-Results
FINPIPE,2026-05-01,Q3-Results
FIRSTCRY,2026-06-01,Q3-Results
FIVESTAR,2026-07-01,Q3-Results
FLUOROCHEM,2026-02-01,Q3-Results
FORCEMOT,2026-03-01,Q3-Results
FORTIS,2026-02-21,Q3-Results
FSL,2026-04-01,Q3-Results
GAIL,2026-03-14,Q3-Results
GESHIP,2026-05-01,Q3-Results
GICRE,2026-06-01,Q3-Results
GILLETTE,2026-07-01,Q3-Results
GLAND,2026-02-01,Q3-Results
GLAXO,2026-03-01,Q3-Results
GLENMARK,2026-02-21,Q3-Results
GMDCLTD,2026-04-01,Q3-Results
GMRAIRPORT,2026-02-21,Q3-Results
GODFRYPHLP,2026-05-01,Q3-Results
GODIGIT,2026-06-01,Q3-Results
GODREJAGRO,2026-07-01,Q3-Results
GODREJCP,2026-02-21,Q3-Results
GODREJIND,2026-02-01,Q3-Results
GODREJPROP,2026-02-21,Q3-Results
GPIL,2026-03-01,Q3-Results
GRANULES,2026-04-01,Q3-Results
GRAPHITE,2026-05-01,Q3-Results
GRASIM,2026-02-21,Q3-Results
GRAVITA,2026-06-01,Q3-Results
GRSE,2026-07-01,Q3-Results
GSPL,2026-02-01,Q3-Results
GUJGASLTD,2026-03-01,Q3-Results
GVT&D,2026-04-01,Q3-Results
HAL,2026-02-28,Q3-Results
HAPPSTMNDS,2026-05-01,Q3-Results
HAVELLS,2026-02-07,Q3-Results
HBLENGINE,2026-06-01,Q3-Results
HCLTECH,2026-02-21,Q3-Results
HDFCAMC,2026-02-21,Q3-Results
HDFCBANK,2026-02-14,Q3-Results
HDFCLIFE,2026-02-21,Q3-Results
HEG,2026-07-01,Q3-Results
HEROMOTOCO,2026-02-21,Q3-Results
HEXT,2026-02-01,Q3-Results
HFCL,2026-03-01,Q3-Results
HINDALCO,2026-02-28,Q3-Results
HINDCOPPER,2026-04-01,Q3-Results
HINDPETRO,2026-02-28,Q3-Results
HINDUNILVR,2026-02-21,Q3-Results
HINDZINC,2026-02-21,Q3-Results
HOMEFIRST,2026-05-01,Q3-Results
HONASA,2026-06-01,Q3-Results
HONAUT,2026-07-01,Q3-Results
HSCL,2026-02-01,Q3-Results
HUDCO,2026-03-01,Q3-Results
HYUNDAI,2026-02-28,Q3-Results
ICICIBANK,2026-02-14,Q3-Results
ICICIGI,2026-02-21,Q3-Results
ICICIPRULI,2026-04-01,Q3-Results
IDBI,2026-05-01,Q3-Results
IDEA,2026-06-01,Q3-Results
IDFCFIRSTB,2026-02-14,Q3-Results
IEX,2026-07-01,Q3-Results
IFCI,2026-02-01,Q3-Results
IGIL,2026-03-01,Q3-Results
IGL,2026-04-01,Q3-Results
IIFL,2026-05-01,Q3-Results
IKS,2026-06-01,Q3-Results
INDGN,2026-07-01,Q3-Results
INDHOTEL,2026-02-21,Q3-Results
INDIACEM,2026-02-01,Q3-Results
INDIAMART,2026-03-01,Q3-Results
INDIANB,2026-03-21,Q3-Results
INDIGO,2026-02-21,Q3-Results
INDUSINDBK,2026-02-14,Q3-Results
INDUSTOWER,2026-02-21,Q3-Results
INFY,2026-01-31,Q3-Results
INOXINDIA,2026-04-01,Q3-Results
INOXWIND,2026-05-01,Q3-Results
INVENTURE,2026-02-15,Q3-Results
INTELLECT,2026-06-01,Q3-Results
IOB,2026-07-01,Q3-Results
IOC,2026-02-28,Q3-Results
IPCALAB,2026-02-01,Q3-Results
IRB,2026-03-01,Q3-Results
IRCON,2026-04-01,Q3-Results
IRCTC,2026-03-14,Q3-Results
IREDA,2026-02-28,Q3-Results
IRFC,2026-02-28,Q3-Results
ITC,2026-02-21,Q3-Results
ITCHOTELS,2026-02-21,Q3-Results
ITI,2026-05-01,Q3-Results
J&KBANK,2026-06-01,Q3-Results
JBCHEPHARM,2026-07-01,Q3-Results
JBMA,2026-02-01,Q3-Results
JINDALSAW,2026-03-01,Q3-Results
JINDALSTEL,2026-02-28,Q3-Results
JIOFIN,2026-02-21,Q3-Results
JKCEMENT,2026-04-01,Q3-Results
JKTYRE,2026-05-01,Q3-Results
JMFINANCIL,2026-06-01,Q3-Results
JPPOWER,2026-07-01,Q3-Results
JSL,2026-02-01,Q3-Results
JSWCEMENT,2026-03-01,Q3-Results
JSWENERGY,2026-02-21,Q3-Results
JSWINFRA,2026-04-01,Q3-Results
JSWSTEEL,2026-02-21,Q3-Results
JUBLFOOD,2026-02-21,Q3-Results
JUBLINGREA,2026-05-01,Q3-Results
JUBLPHARMA,2026-06-01,Q3-Results
JWL,2026-07-01,Q3-Results
JYOTHYLAB,2026-02-01,Q3-Results
JYOTICNC,2026-03-01,Q3-Results
KAJARIACER,2026-04-01,Q3-Results
KALYANKJIL,2026-02-21,Q3-Results
KANSAINER,2026-02-16,Q3-Results
KARURVYSYA,2026-05-01,Q3-Results
KAYNES,2026-06-01,Q3-Results
KEC,2026-07-01,Q3-Results
KEI,2026-02-01,Q3-Results
KFINTECH,2026-03-01,Q3-Results
KIMS,2026-04-01,Q3-Results
KIRLOSBROS,2026-05-01,Q3-Results
KIRLOSENG,2026-06-01,Q3-Results
KITEX,2026-02-17,Q3-Results
KOTAKBANK,2026-02-28,Q3-Results
KPIL,2026-07-01,Q3-Results
KPITTECH,2026-02-28,Q3-Results
KPRMILL,2026-02-01,Q3-Results
KSB,2026-03-01,Q3-Results
LALPATHLAB,2026-04-01,Q3-Results
LATENTVIEW,2026-05-01,Q3-Results
LAURUSLABS,2026-06-01,Q3-Results
LEMONTREE,2026-07-01,Q3-Results
LICHSGFIN,2026-02-28,Q3-Results
LICI,2026-02-01,Q3-Results
LINDEINDIA,2026-03-01,Q3-Results
LLOYDSME,2026-04-01,Q3-Results
LODHA,2026-02-21,Q3-Results
LT,2026-02-07,Q3-Results
LTF,2026-02-28,Q3-Results
LTFOODS,2026-05-01,Q3-Results
LTIM,2026-02-21,Q3-Results
LTTS,2026-06-01,Q3-Results
LUPIN,2026-02-21,Q3-Results
M&M,2026-02-21,Q3-Results
M&MFIN,2026-07-01,Q3-Results
MAHABANK,2026-02-01,Q3-Results
MAHSCOOTER,2026-03-01,Q3-Results
MAHSEAMLES,2026-04-01,Q3-Results
MANAPPURAM,2026-05-01,Q3-Results
MANKIND,2026-02-28,Q3-Results
MANYAVAR,2026-06-01,Q3-Results
MAPMYINDIA,2026-07-01,Q3-Results
MARICO,2026-02-21,Q3-Results
MARUTI,2026-02-07,Q3-Results
MAXHEALTH,2026-02-21,Q3-Results
MAZDOCK,2026-02-21,Q3-Results
MCX,2026-02-01,Q3-Results
MEDPLUS,2026-02-18,Q3-Results
MEDANTA,2026-03-01,Q3-Results
METROPOLIS,2026-04-01,Q3-Results
MFSL,2026-05-01,Q3-Results
MIDHANI,2026-02-19,Q3-Results
MGL,2026-06-01,Q3-Results
MINDACORP,2026-07-01,Q3-Results
MMTC,2026-02-01,Q3-Results
MOTHERSON,2026-02-21,Q3-Results
MOTILALOFS,2026-02-28,Q3-Results
MPHASIS,2026-02-21,Q3-Results
MRF,2026-03-01,Q3-Results
MRPL,2026-04-01,Q3-Results
MSUMI,2026-05-01,Q3-Results
MUTHOOTFIN,2026-06-01,Q3-Results
NAM-INDIA,2026-07-01,Q3-Results
NATCOPHARM,2026-02-01,Q3-Results
NATIONALUM,2026-02-28,Q3-Results
NAUKRI,2026-02-21,Q3-Results
NAVA,2026-03-01,Q3-Results
NAVINFLUOR,2026-04-01,Q3-Results
NBCC,2026-05-01,Q3-Results
NCC,2026-06-01,Q3-Results
NESTLEIND,2026-02-21,Q3-Results
NETWEB,2026-07-01,Q3-Results
NEULANDLAB,2026-02-01,Q3-Results
NEWGEN,2026-03-01,Q3-Results
NH,2026-04-01,Q3-Results
NHPC,2026-05-01,Q3-Results
NIACL,2026-06-01,Q3-Results
NIVABUPA,2026-07-01,Q3-Results
NLCINDIA,2026-02-01,Q3-Results
NMDC,2026-02-28,Q3-Results
NSLNISP,2026-03-01,Q3-Results
NTPC,2026-02-28,Q3-Results
NTPCGREEN,2026-04-01,Q3-Results
NUVAMA,2026-05-01,Q3-Results
NUVOCO,2026-06-01,Q3-Results
NYKAA,2026-02-21,Q3-Results
OBEROIRLTY,2026-02-21,Q3-Results
OFSS,2026-07-01,Q3-Results
OIL,2026-02-28,Q3-Results
OLAELEC,2026-02-01,Q3-Results
OLECTRA,2026-03-01,Q3-Results
ONESOURCE,2026-04-01,Q3-Results
ONGC,2026-02-28,Q3-Results
PAGEIND,2026-05-01,Q3-Results
PATANJALI,2026-06-01,Q3-Results
PAYTM,2026-02-21,Q3-Results
PCBL,2026-07-01,Q3-Results
PERSISTENT,2026-02-21,Q3-Results
PETRONET,2026-02-01,Q3-Results
PFC,2026-02-28,Q3-Results
PFIZER,2026-03-01,Q3-Results
PGEL,2026-04-01,Q3-Results
PGHH,2026-05-01,Q3-Results
PHOENIXLTD,2026-02-21,Q3-Results
PIDILITIND,2026-02-21,Q3-Results
PIIND,2026-06-01,Q3-Results
PNB,2026-02-28,Q3-Results
PNBHOUSING,2026-07-01,Q3-Results
POLICYBZR,2026-02-21,Q3-Results
POLYCAB,2026-02-21,Q3-Results
POLYMED,2026-02-01,Q3-Results
POONAWALLA,2026-03-01,Q3-Results
POWERGRID,2026-02-28,Q3-Results
POWERINDIA,2026-04-01,Q3-Results
PPLPHARMA,2026-05-01,Q3-Results
PRAJIND,2026-06-01,Q3-Results
PREMIERENE,2026-02-21,Q3-Results
PRESTIGE,2026-02-21,Q3-Results
PTCIL,2026-07-01,Q3-Results
PVRINOX,2026-02-01,Q3-Results
RADICO,2026-03-01,Q3-Results
RAILTEL,2026-04-01,Q3-Results
RAINBOW,2026-05-01,Q3-Results
RAMCOCEM,2026-06-01,Q3-Results
RBLBANK,2026-07-01,Q3-Results
RCF,2026-02-01,Q3-Results
RECLTD,2026-02-28,Q3-Results
REDINGTON,2026-03-01,Q3-Results
RELIANCE,2026-02-07,Q3-Results
RELINFRA,2026-04-01,Q3-Results
RHIM,2026-05-01,Q3-Results
RITES,2026-06-01,Q3-Results
RKFORGE,2026-07-01,Q3-Results
RPOWER,2026-02-01,Q3-Results
RRKABEL,2026-03-01,Q3-Results
RVNL,2026-03-14,Q3-Results
SAGILITY,2026-04-01,Q3-Results
SAIL,2026-02-28,Q3-Results
SAILIFE,2026-05-01,Q3-Results
SAMMAANCAP,2026-06-01,Q3-Results
SAPPHIRE,2026-07-01,Q3-Results
SARDAEN,2026-02-01,Q3-Results
SAREGAMA,2026-03-01,Q3-Results
SBFC,2026-04-01,Q3-Results
SBICARD,2026-02-14,Q3-Results
SBILIFE,2026-02-14,Q3-Results
SBIN,2026-02-14,Q3-Results
SCHAEFFLER,2026-05-01,Q3-Results
SCHNEIDER,2026-06-01,Q3-Results
SCI,2026-07-01,Q3-Results
SHREECEM,2026-02-01,Q3-Results
SHRIRAMFIN,2026-02-28,Q3-Results
SHYAMMETL,2026-03-01,Q3-Results
SIEMENS,2026-04-01,Q3-Results
SIGNATURE,2026-05-01,Q3-Results
SJVN,2026-06-01,Q3-Results
SOBHA,2026-07-01,Q3-Results
SOLARINDS,2026-02-01,Q3-Results
SONACOMS,2026-03-01,Q3-Results
SONATSOFTW,2026-04-01,Q3-Results
SRF,2026-02-21,Q3-Results
STARHEALTH,2026-05-01,Q3-Results
SUMICHEM,2026-06-01,Q3-Results
SUNDARMFIN,2026-07-01,Q3-Results
SUNDRMFAST,2026-02-01,Q3-Results
SUNPHARMA,2026-02-21,Q3-Results
SUNTV,2026-03-01,Q3-Results
SUPREMEIND,2026-04-01,Q3-Results
SUZLON,2026-02-21,Q3-Results
SWANCORP,2026-05-01,Q3-Results
SWIGGY,2026-02-21,Q3-Results
SYNGENE,2026-06-01,Q3-Results
SYRMA,2026-07-01,Q3-Results
TARIL,2026-02-01,Q3-Results
TATACHEM,2026-03-01,Q3-Results
TATACOMM,2026-04-01,Q3-Results
TATACONSUM,2026-02-14,Q3-Results
TATAELXSI,2026-05-01,Q3-Results
TATAINVEST,2026-06-01,Q3-Results
TATAPOWER,2026-02-14,Q3-Results
TATASTEEL,2026-02-14,Q3-Results
TATATECH,2026-02-21,Q3-Results
TBOTEK,2026-07-01,Q3-Results
TCS,2026-02-07,Q3-Results
TECHM,2026-02-21,Q3-Results
TECHNOE,2026-02-01,Q3-Results
TEJASNET,2026-03-01,Q3-Results
THELEELA,2026-04-01,Q3-Results
THERMAX,2026-05-01,Q3-Results
TIINDIA,2026-06-01,Q3-Results
TIMKEN,2026-07-01,Q3-Results
TITAGARH,2026-02-01,Q3-Results
TITAN,2026-02-21,Q3-Results
TMPV,2026-02-21,Q3-Results
TORNTPHARM,2026-03-01,Q3-Results
TORNTPOWER,2026-04-01,Q3-Results
TRENT,2026-02-21,Q3-Results
TRIDENT,2026-05-01,Q3-Results
TRITURBINE,2026-06-01,Q3-Results
TRIVENI,2026-07-01,Q3-Results
TTML,2026-02-01,Q3-Results
TVSMOTOR,2026-02-28,Q3-Results
UBL,2026-03-01,Q3-Results
UCOBANK,2026-04-01,Q3-Results

UNIONBANK,2026-02-28,Q3-Results
UNITDSPR,2026-02-21,Q3-Results
UNOMINDA,2026-06-01,Q3-Results
UPL,2026-02-21,Q3-Results
USHAMART,2026-07-01,Q3-Results
UTIAMC,2026-02-01,Q3-Results
VBL,2026-02-21,Q3-Results
VEDL,2026-02-28,Q3-Results
VENTIVE,2026-03-01,Q3-Results
VGUARD,2026-04-01,Q3-Results
VIJAYA,2026-05-01,Q3-Results
VMM,2026-03-07,Q3-Results
VOLTAS,2026-02-21,Q3-Results
VTL,2026-06-01,Q3-Results
WAAREEENER,2026-02-21,Q3-Results
WELCORP,2026-07-01,Q3-Results
WELSPUNLIV,2026-02-01,Q3-Results
WHIRLPOOL,2026-03-01,Q3-Results
WIPRO,2026-02-07,Q3-Results
WOCKPHARMA,2026-04-01,Q3-Results
YESBANK,2026-02-14,Q3-Results
ZEEL,2026-05-01,Q3-Results
ZENSARTECH,2026-06-01,Q3-Results
ZENTEC,2026-07-01,Q3-Results
ZFCVINDIA,2026-02-01,Q3-Results
ZYDUSLIFE,2026-03-01,Q3-Results
